<?xml version="1.0" encoding="UTF-8"?>
<GenRun Id="impl_1" LaunchPart="xc7z010clg400-1" LaunchTime="1657357555">
  <File Type="PWROPT-DRC" Name="park_control_drc_pwropted.rpt"/>
  <File Type="OPT-METHODOLOGY-DRC" Name="park_control_methodology_drc_opted.rpt"/>
  <File Type="INIT-TIMING" Name="park_control_timing_summary_init.rpt"/>
  <File Type="ROUTE-PWR-RPX" Name="park_control_power_routed.rpx"/>
  <File Type="PA-TCL" Name="park_control.tcl"/>
  <File Type="OPT-HWDEF" Name="park_control.hwdef"/>
  <File Type="RDI-RDI" Name="park_control.vdi"/>
  <File Type="OPT-DCP" Name="park_control_opt.dcp"/>
  <File Type="OPT-DRC" Name="park_control_drc_opted.rpt"/>
  <File Type="OPT-TIMING" Name="park_control_timing_summary_opted.rpt"/>
  <File Type="PWROPT-DCP" Name="park_control_pwropt.dcp"/>
  <File Type="PWROPT-TIMING" Name="park_control_timing_summary_pwropted.rpt"/>
  <File Type="PLACE-DCP" Name="park_control_placed.dcp"/>
  <File Type="PLACE-IO" Name="park_control_io_placed.rpt"/>
  <File Type="PLACE-CLK" Name="park_control_clock_utilization_placed.rpt"/>
  <File Type="PLACE-UTIL" Name="park_control_utilization_placed.rpt"/>
  <File Type="PLACE-UTIL-PB" Name="park_control_utilization_placed.pb"/>
  <File Type="PLACE-CTRL" Name="park_control_control_sets_placed.rpt"/>
  <File Type="PLACE-SIMILARITY" Name="park_control_incremental_reuse_placed.rpt"/>
  <File Type="PLACE-PRE-SIMILARITY" Name="park_control_incremental_reuse_pre_placed.rpt"/>
  <File Type="PLACE-TIMING" Name="park_control_timing_summary_placed.rpt"/>
  <File Type="POSTPLACE-PWROPT-DCP" Name="park_control_postplace_pwropt.dcp"/>
  <File Type="POSTPLACE-PWROPT-TIMING" Name="park_control_timing_summary_postplace_pwropted.rpt"/>
  <File Type="PHYSOPT-DCP" Name="park_control_physopt.dcp"/>
  <File Type="PHYSOPT-DRC" Name="park_control_drc_physopted.rpt"/>
  <File Type="PHYSOPT-TIMING" Name="park_control_timing_summary_physopted.rpt"/>
  <File Type="ROUTE-ERROR-DCP" Name="park_control_routed_error.dcp"/>
  <File Type="ROUTE-DCP" Name="park_control_routed.dcp"/>
  <File Type="ROUTE-BLACKBOX-DCP" Name="park_control_routed_bb.dcp"/>
  <File Type="ROUTE-DRC" Name="park_control_drc_routed.rpt"/>
  <File Type="ROUTE-DRC-PB" Name="park_control_drc_routed.pb"/>
  <File Type="BG-BIN" Name="park_control.bin"/>
  <File Type="ROUTE-DRC-RPX" Name="park_control_drc_routed.rpx"/>
  <File Type="BG-DRC" Name="park_control.drc"/>
  <File Type="ROUTE-METHODOLOGY-DRC" Name="park_control_methodology_drc_routed.rpt"/>
  <File Type="BITSTR-MSK" Name="park_control.msk"/>
  <File Type="ROUTE-METHODOLOGY-DRC-RPX" Name="park_control_methodology_drc_routed.rpx"/>
  <File Type="BG-BGN" Name="park_control.bgn"/>
  <File Type="ROUTE-METHODOLOGY-DRC-PB" Name="park_control_methodology_drc_routed.pb"/>
  <File Type="ROUTE-PWR" Name="park_control_power_routed.rpt"/>
  <File Type="ROUTE-PWR-SUM" Name="park_control_power_summary_routed.pb"/>
  <File Type="ROUTE-STATUS" Name="park_control_route_status.rpt"/>
  <File Type="ROUTE-STATUS-PB" Name="park_control_route_status.pb"/>
  <File Type="ROUTE-TIMINGSUMMARY" Name="park_control_timing_summary_routed.rpt"/>
  <File Type="ROUTE-TIMING-PB" Name="park_control_timing_summary_routed.pb"/>
  <File Type="ROUTE-TIMING-RPX" Name="park_control_timing_summary_routed.rpx"/>
  <File Type="ROUTE-SIMILARITY" Name="park_control_incremental_reuse_routed.rpt"/>
  <File Type="ROUTE-CLK" Name="park_control_clock_utilization_routed.rpt"/>
  <File Type="POSTROUTE-PHYSOPT-DCP" Name="park_control_postroute_physopt.dcp"/>
  <File Type="POSTROUTE-PHYSOPT-BLACKBOX-DCP" Name="park_control_postroute_physopt_bb.dcp"/>
  <File Type="POSTROUTE-PHYSOPT-TIMING" Name="park_control_timing_summary_postroute_physopted.rpt"/>
  <File Type="POSTROUTE-PHYSOPT-TIMING-PB" Name="park_control_timing_summary_postroute_physopted.pb"/>
  <File Type="POSTROUTE-PHYSOPT-TIMING-RPX" Name="park_control_timing_summary_postroute_physopted.rpx"/>
  <File Type="BG-BIT" Name="park_control.bit"/>
  <File Type="BITSTR-RBT" Name="park_control.rbt"/>
  <File Type="BITSTR-NKY" Name="park_control.nky"/>
  <File Type="BITSTR-BMM" Name="park_control_bd.bmm"/>
  <File Type="BITSTR-MMI" Name="park_control.mmi"/>
  <File Type="BITSTR-SYSDEF" Name="park_control.sysdef"/>
  <File Type="WBT-USG" Name="usage_statistics_webtalk.html"/>
  <FileSet Name="sources" Type="DesignSrcs" RelSrcDir="$PSRCDIR/sources_1">
    <Filter Type="Srcs"/>
    <File Path="$PSRCDIR/sources_1/new/park_control.vhd">
      <FileInfo>
        <Attr Name="UsedIn" Val="synthesis"/>
        <Attr Name="UsedIn" Val="simulation"/>
      </FileInfo>
    </File>
    <Config>
      <Option Name="DesignMode" Val="RTL"/>
      <Option Name="TopModule" Val="park_control"/>
      <Option Name="TopAutoSet" Val="TRUE"/>
    </Config>
  </FileSet>
  <FileSet Name="constrs_in" Type="Constrs" RelSrcDir="$PSRCDIR/constrs_1">
    <Filter Type="Constrs"/>
    <File Path="$PSRCDIR/constrs_1/new/zyboz7.xdc">
      <FileInfo>
        <Attr Name="UsedIn" Val="synthesis"/>
        <Attr Name="UsedIn" Val="implementation"/>
      </FileInfo>
    </File>
    <Config>
      <Option Name="ConstrsType" Val="XDC"/>
    </Config>
  </FileSet>
  <Strategy Version="1" Minor="2">
    <StratHandle Name="Vivado Implementation Defaults" Flow="Vivado Implementation 2016">
      <Desc>Default settings for Implementation.</Desc>
    </StratHandle>
    <Step Id="init_design"/>
    <Step Id="opt_design"/>
    <Step Id="power_opt_design"/>
    <Step Id="place_design"/>
    <Step Id="post_place_power_opt_design"/>
    <Step Id="phys_opt_design"/>
    <Step Id="route_design"/>
    <Step Id="post_route_phys_opt_design"/>
    <Step Id="write_bitstream"/>
  </Strategy>
</GenRun>
